{ "_id" : "Female", "heightAvg" : 166.81260913705583, "weightAvg" : 70.11331573604062 }
{ "_id" : "Male", "heightAvg" : 166.73613971330505, "weightAvg" : 70.00972339995961 }